Janelas de alumínio, Vidros, Silicone,argamassa,cal,cimento
Tintas para parede, Pincéis e rolos de pintura, Espátulas
Telhas de cerâmica, Cimento, Areia
Torneiras e registros, Tubos de PVC
Tuminárias, Fios elétricos, Disjuntores
Tijolos, Argamassa, Serrote
Pisos laminados, Cola para pisos, Régua de medição
Chuveiro elétrico, Cabos para instalação elétrica, Interruptores
Ferramentasrramentas de jardinagem, Vasos de plantas, Substrato
Pias de banheiro, Armários de banheiro, Torneiras
Tinta para piso, Rolo de pintura para piso, Massa niveladora
Pisos cerâmicos, Rejunte, Espaçadores
Lajes pré-moldadas, Vergalhões, Arame recozido
Portas de madeira, Dobradiças, Fechaduras
Janelas de alumínio, Vidros, Silicone
Gesso em pó, Placas de gesso, Perfis metálicos
Parafusos, Buchas, Serra copo
Pintura externa, Impermeabilizante, Escadas
Máquina de solda, Eletrodos, Luvas de segurança
Portões de garagem, Trilhos, Automatizadores
Telas de proteção, Tintas para grade, Arames farpados
Luminárias, Fios elétricos, Disjuntores
Ferramentas de jardinagem, Vasos de plantas, Substrato
Tijolos, Cimento, Areia
Revestimento cerâmico, Argamassa para revestimento, Telhas de cerâmica
Telhas de fibrocimento, Cal, Prego
Bucha, Martelo, Chave de fenda
Serra circular, Tinta látex, Pincel de pintura
Massa corrida, Espátula de aplicação, Lixa de parede
Argamassa, Revestimento cerâmico, Argamassa para revestimento
Telhas de cerâmica, Telhas de fibrocimento, Cal
Prego, Parafuso, Bucha
Martelo, Chave de fenda, Chave Philips
Serra circular, Esquadro, Tinta látex
Pincel de pintura, Rolo de pintura, Massa corrida
Cimento, Areia, Argamassa
Tijolos, Cimento, Areia, Argamassa
Telhas de fibrocimento, Cal, Prego, Parafuso
Bucha, Martelo, Chave de fenda, Chave Philips
Tijolos, Cimento, Argamassa
Cal, Telhas de cerâmica, Argamassa para revestimento
Parafuso, Bucha, Martelo
Chave Philips, Serra circular, Esquadro
Rolo de pintura, Tinta látex, Massa corrida
Telhas de fibrocimento, Argamassa para revestimento, Cal
Bucha, Prego, Chave de fenda
Pincel de pintura, Tinta látex, Serra circular
Lixa de parede, Espátula de aplicação, Massa corrida
Cimento, Argamassa, Tijolos
Telhas de cerâmica, Revestimento cerâmico, Argamassa para revestimento
Cal, Parafuso, Telhas de fibrocimento
Martelo, Bucha, Chave Philips
Lixa de parede, Massa corrida, Espátula de aplicação
Argamassa, Areia, Tijolos
Revestimento cerâmico, Telhas de cerâmica, Argamassa para revestimento
Chave de fenda, Bucha, Martelo
Espátula de aplicação, Massa corrida, Lixa de parede
Cal, Argamassa para revestimento, Telhas de cerâmica
Parafuso, Martelo, Bucha
Chave Philips, Esquadro, Serra circular
Rolo de pintura, Massa corrida, Tinta látex
Argamassa, Areia, Cimento
Cal, Telhas de fibrocimento, Prego
Chave de fenda, Martelo, Bucha
Pincel de pintura, Serra circular, Tinta látex
Cal, Prego, Telhas de fibrocimento
Serra circular, Esquadro, Pincel de pintura
Argamassa, Tijolos, Areia
Telhas de cerâmica, Argamassa para revestimento, Revestimento cerâmico
Telhas de fibrocimento, Parafuso, Cal
Bucha, Chave Philips, Martelo
Tinta látex, Serra circular, Pincel de pintura
Tinta acrílica, Espátula de aço, Rolo de pintura
Telhas de fibrocimento, Massa para vedação, Lixa de madeira
Argamassa colante, Rejunte para azulejo, Desempenadeira de aço
Tinta esmalte, Pincel de cerdas, Rolo de espuma
Parafuso, Broca de aço rápido, Bucha de nylon
Lixa d'água, Verniz para madeira, Pincel de cabo longo
Saco de cimento, Areia lavada, Tijolos refratários
Martelo, Chave de grifo, Alicate universal
Tinta spray, Máscara de proteção, Luvas de segurança
Torneira, Chuveiro elétrico, Vedante de silicone
Cola para madeira, Sargentos de aperto, Serrote
Interruptor, Tomada elétrica, Fio elétrico
Vaso sanitário, Assento sanitário, Caixa acoplada
Lâmpada LED, Soquete, Fita isolante
Espelho para banheiro, Armário de parede, Porta-toalhas
Tinta epóxi, Catalisador, Rolo texturizado
Saco de argamassa, Desempenadeira de PVC, Nível a laser
Janela de alumínio, Trinco, Silicone para vidro
Fio de cobre, Disjuntor, Caixa de distribuição
Prateleira, Suportes, Buchas para parede
Chave de fenda, Caixa de ferramentas, Trena
Serra circular, Martelo de borracha, Parafuso de fixação
Tinta spray, Pincel de cerdas macias, Rolo de espuma
Broca para concreto, Trena a laser, Sugador de solda
Lâmina de serra tico-tico, Alicate de corte, Estilete
Martelo de unha, Alicate de pressão, Tinta esmalte
Fita adesiva, Parafuso autoatarraxante, Kit de chaves Allen
Furadeira elétrica, Chave inglesa, Bucha de fixação
Tinta acrílica, Lixa d'água, Espátula de aço
Martelo de pena, Chave de boca, Disco de corte
Pistola de cola quente, Alicate de bico, Nível de bolha
Serra de fita, Chave de grifo, Abraçadeira metálica
Trena retrátil, Chave de teste, Lixa para madeira
Tinta epóxi, Espelho decorativo, Broca para metal
Cola instantânea, Serra copo, Desengripante
Fita isolante, Chave de catraca, Óculos de proteção
Alicate universal, Rolo de pintura texturizado, Grampo de marceneiro
Lâmpada fluorescente, Estilete de precisão, Desengordurante
Sugador de solda, Alicate de crimpagem, Luvas de segurança
Tinta para piso, Chave de fenda elétrica, Kit de chaves de precisão
Serra mármore, Desempenadeira de aço, Massa para calafetar
Pistola de pintura, Pincel para acabamento, Parafuso sextavado
Broca para madeira, Serrote de costas, Nível a laser
Tinta lousa, Régua de aço, Fita métrica
Chave ajustável, Fita adesiva dupla face, Martelo de bola
Lâmpada incandescente, Chave de grifo ajustável, Silicone para vedação
Rolo de lã de carneiro, Tinta para azulejo, Lápis de carpinteiro
Chave de impacto, Estopa, Prego de aço
Tinta antimofo, Parafuso cabeça chata, Maçarico a gás
Fita VHB, Chave de cano, Fita zebrada de segurança
Serra sabre, Espátula de PVC, Solda em bastão
Pistola de cola quente, Lâmina de estilete, Bateria de furadeira
Tinta magnética, Pincel de cabo longo, Dobradiça
Rolo para pintura de textura, Broca helicoidal, Lubrificante multiuso
Chave de boca, Serrote japonês, Fita isolante de alta tensão
Serra de arco, Alicate amperímetro, Saco de lixo
Tinta emborrachada, Alicate corte diagonal, Espuma expansiva
Cola de contato, Serra tico-tico, Pincel de espuma
Fita crepe, Chave teste, Régua de alumínio
Tinta para piso epóxi, Lápis de pedreiro, Chave Philips
Lâmina de serra circular, Desempenadeira de PVC, Parafuso autoatarraxante
Serra circular de bancada, Alicates de pressão, Grampeador manual
Tinta fosca, Estilete retrátil, Tinta metálica
Fita de demarcação, Chave ajustável de corrente, Nível de alumínio
Martelo de pedreiro, Lixa para ferro, Máscara respiratória
Tinta spray cromada, Lupa de bancada, Parafuso olhal
Broca de vídea, Serrote de costas, Lâmpada de emergência
Pistola de pintura airless, Pincel para gesso, Parafuso auto brocante
Tinta emborrachada impermeabilizante, Chave de fenda isolada, Lixa para drywall
Chave canhão, Serra de copo diamantada, Rolo de pintura anti-gota
Chavedefenda,Martelodeborracha,Serracircular
Tintaspray,Rolodeespuma,Brocaparaconcreto
Alicatedecorte,Estilete,Martelodeunha
Alicatedepressão,Tintaesmalte,Fitaadesiva
Parafusoautoatarraxante,KitdechavesAllen,Furadeiraelétrica
Chaveinglesa,Buchadefixação,Tintaacrílica
Lixad'água,Espátuladeaço,Martelodepena
Chavedeboca,Discodecorte,Pistoladecolaquente
Alicatedebico,Níveldebolha,Serradefita
Chavedegrifo,Abraçadeirametálica,Trenaretrátil
Chavedeteste,Trenaretrátil,Abraçadeirametálica
Serradefita,Níveldebolha,Alicatedebico
Pistoladecolaquente,Discodecorte,Chavedeboca
Martelodepena,Espátuladeaço,Lixad'água
Tintaacrílica,Buchadefixação,Chaveinglesa
Furadeiraelétrica,KitdechavesAllen,Parafusoautoatarraxante
Fitaadesiva,Tintaesmalte,Alicatedepressão
Martelodeunha,Estilete,Alicatedecorte
Brocaparaconcreto,Rolodeespuma,Tintaspray
Serracircular,Martelodeborracha,Chavedefenda
Abraçadeirametálica,Trenaretrátil,Chavedeteste
Serradefita,Alicatedebico,Chavedegrifo
Pistoladecolaquente,Chavedeboca,Níveldebolha
Espátuladeaço,Discodecorte,Alicatedebico
Chavedeteste,Martelodepena,Lixad'água
Chaveinglesa,Tintaacrílica,Abraçadeirametálica
Trenaretrátil,KitdechavesAllen,Furadeiraelétrica
Parafusoautoatarraxante,Fitaadesiva,Martelodeunha
Alicatedecorte,Estilete,Alicatedepressão
Tintaesmalte,Rolodeespuma,Brocaparaconcreto
Chavedegrifo,Níveldebolha,Alicatedebico
Pistoladecolaquente,Chavedeboca,Discodecorte
Espátuladeaço,Lixad'água,Chavedeteste
Alicatedepressão,Martelodepena,Tintaacrílica
Abraçadeirametálica,Trenaretrátil,Furadeiraelétrica
Tintaspray,Rolodeespuma,Parafusoautoatarraxante
Chavedefenda,Serracircular,Chaveinglesa
Chavedeboca,Buchadefixação,Tintaesmalte
Brocaparaconcreto,KitdechavesAllen,Fitaadesiva
Chavedegrifo,Pistoladecolaquente,Discodecorte
Espátuladeaço,Lixad'água,Martelodepena
Tintaacrílica,Abraçadeirametálica,Chavedeteste
Furadeiraelétrica,Trenaretrátil,Chaveinglesa
Parafusoautoatarraxante,Fitaadesiva,Alicatedepressão
Serracircular,Rolodeespuma,Tintaspray
Chavedefenda,Martelodeborracha,Brocaparaconcreto
Tintaesmalte,Buchadefixação,Chavedeboca
Discodecorte,Pistoladecolaquente,Níveldebolha
Alicatedebico,Lixad'água,Espátuladeaço
Chavedeteste,Martelodepena,Furadeiraelétrica
Trenaretrátil,Abraçadeirametálica,KitdechavesAllen
Alicatedepressão,Serradefita,Parafusoautoatarraxante
Estilete,Chavedefenda,Tintaacrílica
Chaveinglesa,Rolodeespuma,Martelodeunha
Fitaadesiva,Brocaparaconcreto,Alicatedecorte
Martelodeborracha,Serracircular,Tintaspray
Níveldebolha,Estilete,Chavedegrifo
Alicatedebico,Chavedeboca,Pistoladecolaquente
Discodecorte,Lixad'água,Espátuladeaço
Tintaacrílica,Alicatedepressão,Chavedeteste
Martelodepena,Furadeiraelétrica,Trenaretrátil
KitdechavesAllen,Parafusoautoatarraxante,Fitaadesiva
Chaveinglesa,Brocaparaconcreto,Martelodeunha
Rolodeespuma,Tintaspray,Chavedefenda
Serracircular,Buchadefixação,Alicatedecorte
Alicatedebico,Estilete,Níveldebolha
Chavedegrifo,Discodecorte,Pistoladecolaquente
Espátuladeaço,Lixad'água,Chavedeboca
Martelodepena,Tintaacrílica,Abraçadeirametálica
Furadeiraelétrica,Trenaretrátil,Chavedeteste
Alicatedepressão,KitdechavesAllen,Serradefita
Parafusoautoatarraxante,Fitaadesiva,Chaveinglesa
Martelodeunha,Brocaparaconcreto,Estilete
Tintaspray,Rolodeespuma,Chavedefenda
Alicatedecorte,Buchadefixação,Serracircular
Níveldebolha,Alicatedebico,Chavedegrifo
Parafuso, Bucha, Trena, Serrote
Tinta esmalte, Pincel de cerdas, Bandeja para pintura, Espátula
Telhas de cerâmica, Calha, Ralo, Silicone
Broca, Martelo, Serrote, Nível a laser
Prego, Arame, Martelo, Serrote
Cimento, Areia, Tijolos, Vergalhão
Tinta acrílica, Rolo de pintura, Pincel de cerdas, Fita crepe
Chave de fenda, Alicate, Martelo, Trena
Porcelanato, Argamassa, Rejunte, Nivelador de piso
Lâmpadas, Fios elétricos, Interruptor, Tomada
Torneira, Sifão, Válvula de descarga, Ducha higiênica
Tinta esmalte, Rolo de pintura, Pincel de cerdas, Espátula
Pisos, Revestimentos, Adesivo para azulejo, Espátula
Tubos de PVC, Conexões, Sifão de pia, Válvula de descarga
Tintas, Pincel, Rolo de pintura, Lixa de parede
Telhas de fibrocimento, Cumeeiras, Manta térmica, Parafusos para telhas
Chuveiro, Fio elétrico, Disjuntor, Tomada
Luminárias, Lâmpadas LED, Interruptor, Extensão elétrica
Torneira, Válvula de escoamento, Sifão de lavatório, Misturador de água
Argamassa colante, Rejunte para porcelanato, Espátula dentada, Nivelador de piso
Interruptor de luz, Tomada, Fio elétrico, Disjuntor
Pisos laminados, Rodapés, Manta acústica, Cola para piso
Tinta spray, Pincel de cerdas macias, Fita adesiva, Máscara de proteção
